point_id,week,current_stock,lead_time_days,projected_demand,distance_km,risk_high
D1,0,58.2,7,67.0,84.4,1
D1,1,133.4,5,61.0,84.4,0
D1,2,144.4,8,80.6,84.4,0
D1,3,179.7,7,75.9,84.4,0
D1,4,28.3,6,82.5,84.4,1
D1,5,53.3,8,72.6,84.4,1
D1,6,45.0,7,91.5,84.4,1
D1,7,192.6,6,78.6,84.4,0
D1,8,158.6,7,79.8,84.4,0
D1,9,102.4,3,78.9,84.4,0
D1,10,173.3,6,70.3,84.4,0
D1,11,153.6,7,66.6,84.4,0
D1,12,194.2,3,84.7,84.4,0
D1,13,128.7,3,83.3,84.4,0
D1,14,150.4,4,79.5,84.4,0
D1,15,94.8,5,82.9,84.4,0
D1,16,77.9,7,86.9,84.4,1
D1,17,172.8,3,90.8,84.4,0
D1,18,207.7,2,83.4,84.4,0
D1,19,91.5,3,75.0,84.4,0
D1,20,79.4,5,79.9,84.4,0
D1,21,27.9,3,69.1,84.4,0
D1,22,171.9,2,95.3,84.4,0
D1,23,154.9,9,84.1,84.4,0
D1,24,80.3,9,99.7,84.4,1
D1,25,117.5,1,88.1,84.4,0
D1,26,92.6,6,71.7,84.4,0
D1,27,227.5,9,103.2,84.4,0
D1,28,170.0,3,100.0,84.4,0
D1,29,192.6,2,89.1,84.4,0
D1,30,109.6,10,107.8,84.4,1
D1,31,99.4,2,75.4,84.4,0
D1,32,174.6,1,82.5,84.4,0
D1,33,181.4,5,85.8,84.4,0
D1,34,123.0,6,91.4,84.4,0
D1,35,64.7,2,82.1,84.4,0
D1,36,211.7,8,100.3,84.4,0
D1,37,124.9,9,79.2,84.4,0
D1,38,45.5,6,75.7,84.4,1
D1,39,215.9,9,95.5,84.4,0
D1,40,122.6,5,88.8,84.4,0
D1,41,157.3,4,71.8,84.4,0
D1,42,155.1,9,93.1,84.4,0
D1,43,102.2,4,91.1,84.4,0
D1,44,43.1,3,82.1,84.4,1
D1,45,155.9,7,73.3,84.4,0
D1,46,22.9,6,73.1,84.4,1
D1,47,31.5,2,78.8,84.4,1
D1,48,102.8,8,69.9,84.4,0
D1,49,140.1,3,64.6,84.4,0
D1,50,126.4,7,84.1,84.4,0
D1,51,25.2,3,72.5,84.4,1
D10,0,220.9,3,121.3,83.4,0
D10,1,235.1,9,139.3,83.4,0
D10,2,206.2,7,155.0,83.4,0
D10,3,211.7,2,150.3,83.4,0
D10,4,298.7,1,170.5,83.4,0
D10,5,148.7,9,140.2,83.4,0
D10,6,348.7,6,157.6,83.4,0
D10,7,78.3,6,133.2,83.4,1
D10,8,181.5,7,111.3,83.4,1
D10,9,222.7,8,132.3,83.4,0
D10,10,111.4,3,146.5,83.4,0
D10,11,238.5,5,117.3,83.4,0
D10,12,180.7,7,140.0,83.4,0
D10,13,204.9,3,113.1,83.4,0
D10,14,265.9,1,123.4,83.4,0
D10,15,137.3,3,117.2,83.4,0
D10,16,103.0,5,120.2,83.4,0
D10,17,45.8,10,111.2,83.4,1
D10,18,80.7,4,99.1,83.4,0
D10,19,150.0,3,120.8,83.4,0
D10,20,96.6,2,87.3,83.4,1
D10,21,73.0,2,108.6,83.4,1
D10,22,124.4,10,92.7,83.4,0
D10,23,96.7,8,105.1,83.4,0
D10,24,213.8,4,101.6,83.4,0
D10,25,35.8,3,108.3,83.4,0
D10,26,113.5,4,99.8,83.4,0
D10,27,150.9,4,83.6,83.4,0
D10,28,218.5,2,87.9,83.4,0
D10,29,187.9,9,87.1,83.4,0
D10,30,52.7,8,87.6,83.4,1
D10,31,85.5,7,78.3,83.4,0
D10,32,118.0,9,81.2,83.4,0
D10,33,161.3,9,85.7,83.4,0
D10,34,51.8,8,86.8,83.4,1
D10,35,41.2,2,84.1,83.4,1
D10,36,90.2,10,90.0,83.4,1
D10,37,159.8,9,71.2,83.4,0
D10,38,232.4,1,95.2,83.4,0
D10,39,216.6,7,88.4,83.4,0
D10,40,139.5,9,101.5,83.4,0
D10,41,47.0,3,114.0,83.4,1
D10,42,68.3,3,97.1,83.4,1
D10,43,41.2,3,111.6,83.4,1
D10,44,123.3,9,96.6,83.4,0
D10,45,216.3,3,121.3,83.4,0
D10,46,157.4,3,116.3,83.4,0
D10,47,231.4,5,100.7,83.4,1
D10,48,104.9,5,131.5,83.4,1
D10,49,119.1,5,141.0,83.4,1
D10,50,246.1,4,138.8,83.4,0
D10,51,204.8,9,125.8,83.4,0
D11,0,251.1,1,173.2,101.4,0
D11,1,212.9,9,156.8,101.4,0
D11,2,426.8,6,228.5,101.4,0
D11,3,408.7,5,212.4,101.4,0
D11,4,446.1,8,227.7,101.4,1
D11,5,331.2,9,210.8,101.4,0
D11,6,588.9,10,249.1,101.4,0
D11,7,161.1,1,248.8,101.4,1
D11,8,259.1,3,246.9,101.4,0
D11,9,293.4,6,249.1,101.4,0
D11,10,368.0,8,251.3,101.4,0
D11,11,292.5,10,186.4,101.4,1
D11,12,540.9,5,228.5,101.4,0
D11,13,195.4,1,216.4,101.4,0
D11,14,616.7,3,267.3,101.4,0
D11,15,363.5,8,284.2,101.4,0
D11,16,98.3,7,243.6,101.4,1
D11,17,96.0,5,227.5,101.4,1
D11,18,283.0,6,231.4,101.4,0
D11,19,412.0,8,258.0,101.4,0
D11,20,294.4,3,248.2,101.4,0
D11,21,513.0,7,254.2,101.4,0
D11,22,88.9,9,216.7,101.4,1
D11,23,274.3,5,252.8,101.4,0
D11,24,290.0,2,224.9,101.4,0
D11,25,322.9,9,202.1,101.4,0
D11,26,248.1,1,227.6,101.4,0
D11,27,84.6,8,196.1,101.4,1
D11,28,422.4,10,242.5,101.4,0
D11,29,547.9,4,239.8,101.4,0
D11,30,105.1,7,209.6,101.4,1
D11,31,178.7,1,214.5,101.4,0
D11,32,235.8,2,223.3,101.4,0
D11,33,381.4,9,203.6,101.4,0
D11,34,671.7,4,276.3,101.4,1
D11,35,77.7,5,236.3,101.4,1
D11,36,514.6,8,223.4,101.4,0
D11,37,436.5,9,234.6,101.4,0
D11,38,134.9,8,194.8,101.4,1
D11,39,531.3,1,237.5,101.4,0
D11,40,94.5,10,253.3,101.4,1
D11,41,298.9,3,221.3,101.4,0
D11,42,95.3,7,220.2,101.4,1
D11,43,171.1,1,237.7,101.4,0
D11,44,371.7,8,227.0,101.4,1
D11,45,659.2,10,268.9,101.4,0
D11,46,267.7,2,217.3,101.4,0
D11,47,150.5,1,233.3,101.4,1
D11,48,83.0,1,208.4,101.4,1
D11,49,218.3,3,237.8,101.4,0
D11,50,385.5,1,177.5,101.4,0
D11,51,292.4,8,237.3,101.4,0
D12,0,171.9,3,221.0,64.1,0
D12,1,567.6,10,289.4,64.1,0
D12,2,181.6,9,259.0,64.1,1
D12,3,469.0,4,258.5,64.1,0
D12,4,555.2,5,237.3,64.1,0
D12,5,190.8,9,266.5,64.1,1
D12,6,375.6,2,245.2,64.1,1
D12,7,372.1,1,273.1,64.1,0
D12,8,319.4,5,305.0,64.1,0
D12,9,97.1,5,312.9,64.1,1
D12,10,653.7,10,284.1,64.1,0
D12,11,77.6,9,256.4,64.1,1
D12,12,83.6,3,250.7,64.1,1
D12,13,576.8,2,257.0,64.1,0
D12,14,630.0,4,305.4,64.1,0
D12,15,144.8,4,282.4,64.1,1
D12,16,211.0,2,270.2,64.1,0
D12,17,505.6,2,252.0,64.1,0
D12,18,492.7,9,300.9,64.1,0
D12,19,451.9,2,238.8,64.1,0
D12,20,163.1,4,282.8,64.1,0
D12,21,304.5,5,247.7,64.1,0
D12,22,677.0,7,273.2,64.1,0
D12,23,110.7,5,298.8,64.1,1
D12,24,186.0,10,234.3,64.1,1
D12,25,290.5,9,253.5,64.1,0
D12,26,446.6,5,261.7,64.1,1
D12,27,425.5,7,220.1,64.1,0
D12,28,269.0,2,258.8,64.1,0
D12,29,347.9,8,247.3,64.1,0
D12,30,386.4,6,195.5,64.1,0
D12,31,391.0,5,260.4,64.1,0
D12,32,60.4,7,185.9,64.1,1
D12,33,483.7,2,257.8,64.1,0
D12,34,478.5,4,257.3,64.1,0
D12,35,403.1,2,167.7,64.1,0
D12,36,202.3,5,247.0,64.1,0
D12,37,117.3,9,208.3,64.1,1
D12,38,392.9,6,246.5,64.1,0
D12,39,118.7,3,235.0,64.1,1
D12,40,57.4,5,186.9,64.1,1
D12,41,168.3,6,226.2,64.1,1
D12,42,477.2,2,259.2,64.1,1
D12,43,192.2,5,257.1,64.1,1
D12,44,633.0,4,267.0,64.1,0
D12,45,409.1,3,227.0,64.1,0
D12,46,466.6,9,252.1,64.1,0
D12,47,138.9,10,240.9,64.1,1
D12,48,226.5,1,220.0,64.1,1
D12,49,218.1,10,290.9,64.1,1
D12,50,159.7,9,287.9,64.1,1
D12,51,490.6,6,309.2,64.1,0
D13,0,268.6,2,253.2,151.9,0
D13,1,237.2,3,219.5,151.9,1
D13,2,367.5,5,228.9,151.9,1
D13,3,506.5,1,204.9,151.9,0
D13,4,464.2,5,199.3,151.9,0
D13,5,238.0,9,204.1,151.9,0
D13,6,217.3,1,242.4,151.9,0
D13,7,559.3,1,252.1,151.9,0
D13,8,483.0,2,217.4,151.9,0
D13,9,383.1,9,206.0,151.9,0
D13,10,545.5,9,237.5,151.9,0
D13,11,537.4,1,222.9,151.9,0
D13,12,487.7,8,248.3,151.9,0
D13,13,300.1,8,288.8,151.9,0
D13,14,466.7,3,251.2,151.9,0
D13,15,134.5,6,256.2,151.9,1
D13,16,198.8,8,237.7,151.9,1
D13,17,322.6,9,234.2,151.9,0
D13,18,160.6,1,205.0,151.9,0
D13,19,249.6,4,213.1,151.9,0
D13,20,199.6,3,229.7,151.9,0
D13,21,574.8,2,263.3,151.9,0
D13,22,460.8,1,262.4,151.9,0
D13,23,128.0,5,266.0,151.9,1
D13,24,253.0,6,269.8,151.9,0
D13,25,217.6,2,221.7,151.9,0
D13,26,426.6,10,259.3,151.9,0
D13,27,531.9,10,297.4,151.9,0
D13,28,531.3,2,292.8,151.9,0
D13,29,555.4,1,262.3,151.9,0
D13,30,142.1,10,238.0,151.9,1
D13,31,313.0,7,222.1,151.9,0
D13,32,363.3,10,275.7,151.9,0
D13,33,74.6,8,224.9,151.9,1
D13,34,121.5,10,212.5,151.9,1
D13,35,404.4,7,251.7,151.9,1
D13,36,549.3,1,221.0,151.9,0
D13,37,630.9,8,253.5,151.9,0
D13,38,430.7,3,234.1,151.9,0
D13,39,146.8,7,212.1,151.9,1
D13,40,365.8,5,193.1,151.9,1
D13,41,370.0,1,237.7,151.9,0
D13,42,87.5,8,165.0,151.9,0
D13,43,72.8,2,192.0,151.9,1
D13,44,322.3,10,207.1,151.9,0
D13,45,455.2,10,221.7,151.9,0
D13,46,231.4,8,229.1,151.9,1
D13,47,248.5,3,192.3,151.9,0
D13,48,320.4,1,226.7,151.9,0
D13,49,169.1,5,236.6,151.9,1
D13,50,212.2,5,192.5,151.9,0
D13,51,269.1,1,194.0,151.9,0
D14,0,470.3,4,304.5,31.2,0
D14,1,296.9,3,281.1,31.2,0
D14,2,693.5,2,312.5,31.2,0
D14,3,218.8,3,314.3,31.2,0
D14,4,153.5,9,266.5,31.2,1
D14,5,390.5,1,341.0,31.2,0
D14,6,386.8,4,339.4,31.2,0
D14,7,244.8,9,323.3,31.2,1
D14,8,410.8,5,313.6,31.2,0
D14,9,156.1,9,352.3,31.2,1
D14,10,515.3,8,407.5,31.2,0
D14,11,498.7,1,320.8,31.2,0
D14,12,195.2,1,352.3,31.2,1
D14,13,540.8,1,343.5,31.2,0
D14,14,362.5,1,363.8,31.2,0
D14,15,388.8,6,368.7,31.2,0
D14,16,535.8,4,295.4,31.2,0
D14,17,408.0,8,335.2,31.2,0
D14,18,654.9,2,337.1,31.2,0
D14,19,625.3,6,292.5,31.2,0
D14,20,630.1,3,299.6,31.2,0
D14,21,676.9,4,298.6,31.2,0
D14,22,267.7,9,309.7,31.2,1
D14,23,96.3,3,257.0,31.2,1
D14,24,154.2,8,274.4,31.2,1
D14,25,123.3,8,261.7,31.2,1
D14,26,98.6,2,296.2,31.2,1
D14,27,191.6,3,225.7,31.2,0
D14,28,412.3,4,230.5,31.2,0
D14,29,497.3,9,226.1,31.2,0
D14,30,728.6,1,336.5,31.2,0
D14,31,217.9,1,229.5,31.2,0
D14,32,274.7,1,260.1,31.2,0
D14,33,181.2,8,257.9,31.2,1
D14,34,434.3,1,223.7,31.2,0
D14,35,538.3,10,251.2,31.2,0
D14,36,496.0,10,232.5,31.2,0
D14,37,561.5,1,298.1,31.2,0
D14,38,123.0,8,236.1,31.2,1
D14,39,619.3,2,258.0,31.2,0
D14,40,439.9,6,192.6,31.2,0
D14,41,268.3,6,242.6,31.2,0
D14,42,401.1,6,255.4,31.2,0
D14,43,234.5,6,232.1,31.2,1
D14,44,210.9,8,223.1,31.2,0
D14,45,94.6,5,236.2,31.2,0
D14,46,252.5,6,282.7,31.2,0
D14,47,198.8,2,271.9,31.2,0
D14,48,235.0,7,329.8,31.2,1
D14,49,616.8,9,303.4,31.2,0
D14,50,543.5,4,284.7,31.2,0
D14,51,177.5,10,281.6,31.2,1
D15,0,358.3,4,230.6,88.6,1
D15,1,484.2,1,208.5,88.6,0
D15,2,324.4,5,191.6,88.6,0
D15,3,383.0,9,249.9,88.6,1
D15,4,578.5,2,241.8,88.6,0
D15,5,206.8,6,233.7,88.6,0
D15,6,132.1,5,223.5,88.6,1
D15,7,325.4,4,271.9,88.6,0
D15,8,190.0,7,225.1,88.6,1
D15,9,480.7,7,230.4,88.6,0
D15,10,581.3,3,236.3,88.6,0
D15,11,293.0,7,243.7,88.6,0
D15,12,458.7,8,205.7,88.6,0
D15,13,204.3,2,263.2,88.6,0
D15,14,269.9,10,217.6,88.6,0
D15,15,612.4,7,259.2,88.6,0
D15,16,501.4,9,278.9,88.6,0
D15,17,502.2,2,289.2,88.6,0
D15,18,305.7,10,303.8,88.6,1
D15,19,593.8,8,252.3,88.6,0
D15,20,242.5,3,281.9,88.6,0
D15,21,121.9,7,233.5,88.6,1
D15,22,82.6,10,274.4,88.6,1
D15,23,170.9,2,292.5,88.6,1
D15,24,560.7,2,274.6,88.6,0
D15,25,190.1,9,293.8,88.6,1
D15,26,484.2,6,283.6,88.6,0
D15,27,538.6,5,276.9,88.6,0
D15,28,388.0,6,280.4,88.6,0
D15,29,578.1,2,305.5,88.6,0
D15,30,631.1,3,281.7,88.6,0
D15,31,450.4,10,321.7,88.6,0
D15,32,245.6,3,315.6,88.6,0
D15,33,462.0,8,329.0,88.6,0
D15,34,601.0,7,280.8,88.6,0
D15,35,667.5,10,276.5,88.6,0
D15,36,606.7,6,329.7,88.6,0
D15,37,472.1,8,290.4,88.6,0
D15,38,239.2,2,321.9,88.6,0
D15,39,434.0,10,257.2,88.6,0
D15,40,552.3,2,248.2,88.6,0
D15,41,628.3,5,292.8,88.6,1
D15,42,154.6,6,246.1,88.6,1
D15,43,579.3,6,290.7,88.6,0
D15,44,554.1,10,255.8,88.6,1
D15,45,525.1,9,262.4,88.6,0
D15,46,391.8,9,236.6,88.6,0
D15,47,584.0,6,292.2,88.6,0
D15,48,147.6,4,222.6,88.6,1
D15,49,613.4,3,284.5,88.6,0
D15,50,376.3,4,209.1,88.6,0
D15,51,343.7,10,209.8,88.6,0
D16,0,129.2,10,133.8,111.8,1
D16,1,366.5,1,156.0,111.8,0
D16,2,89.0,10,142.4,111.8,1
D16,3,275.5,7,148.9,111.8,0
D16,4,347.3,5,139.6,111.8,0
D16,5,256.3,10,155.4,111.8,1
D16,6,264.6,2,175.6,111.8,0
D16,7,106.0,9,171.9,111.8,1
D16,8,81.6,9,162.4,111.8,1
D16,9,104.4,4,176.8,111.8,1
D16,10,356.6,1,191.8,111.8,0
D16,11,299.2,10,176.8,111.8,0
D16,12,240.0,9,164.0,111.8,0
D16,13,372.0,1,175.2,111.8,0
D16,14,189.8,6,171.1,111.8,1
D16,15,86.1,1,156.2,111.8,1
D16,16,183.1,10,186.4,111.8,0
D16,17,367.0,3,184.0,111.8,0
D16,18,77.8,1,164.1,111.8,1
D16,19,112.7,4,157.7,111.8,1
D16,20,206.6,3,189.5,111.8,0
D16,21,266.1,10,150.7,111.8,0
D16,22,178.9,9,181.3,111.8,1
D16,23,95.9,5,143.9,111.8,1
D16,24,382.3,5,164.4,111.8,0
D16,25,263.8,3,132.9,111.8,0
D16,26,302.2,1,140.2,111.8,0
D16,27,319.1,3,132.3,111.8,1
D16,28,164.4,9,113.9,111.8,0
D16,29,230.9,3,132.8,111.8,0
D16,30,235.0,10,139.7,111.8,0
D16,31,50.0,1,120.7,111.8,1
D16,32,135.1,5,142.0,111.8,0
D16,33,180.0,9,112.2,111.8,0
D16,34,43.5,3,127.1,111.8,1
D16,35,258.2,5,117.4,111.8,1
D16,36,102.3,2,112.8,111.8,0
D16,37,176.8,10,85.7,111.8,0
D16,38,198.7,6,97.5,111.8,0
D16,39,201.3,1,118.9,111.8,0
D16,40,43.7,3,105.3,111.8,1
D16,41,43.0,2,123.4,111.8,1
D16,42,233.6,9,119.8,111.8,0
D16,43,57.5,4,126.8,111.8,1
D16,44,259.7,8,108.2,111.8,0
D16,45,98.7,10,159.2,111.8,1
D16,46,351.4,9,152.5,111.8,0
D16,47,212.7,1,129.1,111.8,0
D16,48,116.2,5,149.1,111.8,1
D16,49,254.4,8,140.3,111.8,0
D16,50,157.4,10,163.9,111.8,0
D16,51,345.8,9,172.5,111.8,0
D17,0,151.9,3,102.9,58.8,0
D17,1,178.9,1,89.8,58.8,0
D17,2,270.7,5,108.8,58.8,0
D17,3,212.0,7,97.4,58.8,0
D17,4,112.6,1,101.0,58.8,1
D17,5,220.7,8,93.1,58.8,0
D17,6,49.9,8,85.3,58.8,1
D17,7,54.2,6,104.9,58.8,1
D17,8,55.5,1,89.0,58.8,1
D17,9,129.0,10,90.6,58.8,0
D17,10,221.9,6,95.4,58.8,0
D17,11,154.2,8,77.9,58.8,0
D17,12,94.8,2,87.5,58.8,0
D17,13,155.0,6,67.5,58.8,0
D17,14,42.4,4,73.8,58.8,1
D17,15,132.9,6,58.4,58.8,0
D17,16,75.3,8,76.0,58.8,0
D17,17,83.8,6,79.0,58.8,0
D17,18,35.4,10,64.2,58.8,1
D17,19,85.8,3,45.0,58.8,0
D17,20,88.2,8,60.1,58.8,0
D17,21,106.3,4,62.9,58.8,0
D17,22,131.6,10,62.8,58.8,0
D17,23,116.4,9,58.6,58.8,0
D17,24,156.8,4,63.1,58.8,0
D17,25,66.5,3,52.3,58.8,0
D17,26,90.7,2,47.7,58.8,0
D17,27,135.4,7,54.7,58.8,0
D17,28,92.5,10,64.4,58.8,0
D17,29,73.8,5,57.0,58.8,0
D17,30,50.9,8,59.6,58.8,1
D17,31,55.4,9,48.2,58.8,0
D17,32,157.2,4,68.5,58.8,0
D17,33,90.4,9,47.0,58.8,0
D17,34,31.3,7,60.1,58.8,1
D17,35,77.2,4,77.3,58.8,0
D17,36,29.2,10,60.3,58.8,1
D17,37,18.4,9,55.6,58.8,1
D17,38,79.0,3,62.5,58.8,0
D17,39,92.3,7,77.3,58.8,0
D17,40,126.8,4,82.1,58.8,0
D17,41,135.4,9,63.8,58.8,1
D17,42,134.4,2,82.3,58.8,0
D17,43,59.3,10,92.4,58.8,1
D17,44,185.6,3,94.3,58.8,0
D17,45,153.5,8,110.9,58.8,1
D17,46,119.4,6,80.6,58.8,0
D17,47,158.4,7,78.5,58.8,0
D17,48,75.5,6,92.0,58.8,1
D17,49,171.7,7,100.6,58.8,0
D17,50,153.2,4,79.8,58.8,0
D17,51,52.0,1,93.5,58.8,1
D18,0,94.1,2,180.9,60.8,1
D18,1,245.5,10,181.7,60.8,0
D18,2,277.6,2,189.8,60.8,0
D18,3,146.9,2,227.4,60.8,1
D18,4,120.2,3,185.4,60.8,1
D18,5,368.7,7,232.0,60.8,0
D18,6,380.7,4,208.8,60.8,0
D18,7,424.6,1,189.1,60.8,0
D18,8,197.2,5,223.9,60.8,0
D18,9,243.2,6,255.0,60.8,0
D18,10,401.0,6,242.8,60.8,0
D18,11,408.1,9,250.7,60.8,0
D18,12,587.5,2,245.5,60.8,0
D18,13,424.6,8,214.3,60.8,0
D18,14,465.8,6,240.6,60.8,0
D18,15,328.9,10,251.6,60.8,0
D18,16,585.1,2,254.9,60.8,0
D18,17,472.2,6,251.3,60.8,0
D18,18,341.7,3,258.2,60.8,0
D18,19,445.7,3,252.8,60.8,0
D18,20,230.1,3,280.4,60.8,0
D18,21,476.5,6,271.6,60.8,0
D18,22,384.9,7,245.3,60.8,0
D18,23,532.8,2,291.1,60.8,0
D18,24,156.4,9,180.1,60.8,0
D18,25,518.3,7,215.5,60.8,0
D18,26,224.3,5,257.1,60.8,0
D18,27,189.0,7,217.4,60.8,0
D18,28,329.5,10,193.3,60.8,0
D18,29,343.2,2,241.0,60.8,0
D18,30,120.9,4,213.3,60.8,1
D18,31,107.8,5,220.3,60.8,1
D18,32,295.4,5,231.4,60.8,0
D18,33,325.5,8,227.2,60.8,0
D18,34,301.1,1,175.4,60.8,0
D18,35,288.4,9,186.2,60.8,0
D18,36,251.2,1,201.8,60.8,0
D18,37,159.4,6,154.6,60.8,0
D18,38,214.2,8,187.7,60.8,0
D18,39,405.3,7,183.0,60.8,0
D18,40,123.1,1,170.9,60.8,0
D18,41,50.8,4,158.3,60.8,1
D18,42,174.9,2,174.2,60.8,0
D18,43,143.2,5,149.5,60.8,0
D18,44,103.7,4,182.9,60.8,1
D18,45,350.6,1,173.9,60.8,0
D18,46,205.5,5,135.0,60.8,0
D18,47,354.0,5,172.1,60.8,0
D18,48,106.3,6,171.5,60.8,1
D18,49,252.5,3,209.4,60.8,0
D18,50,391.6,4,221.8,60.8,0
D18,51,429.3,9,211.7,60.8,0
D19,0,264.1,10,347.3,106.1,1
D19,1,373.3,6,314.3,106.1,0
D19,2,312.8,6,309.1,106.1,0
D19,3,115.2,1,332.4,106.1,1
D19,4,179.9,3,279.8,106.1,1
D19,5,431.2,9,272.3,106.1,0
D19,6,676.5,2,305.2,106.1,0
D19,7,541.5,5,235.3,106.1,0
D19,8,735.3,9,294.5,106.1,0
D19,9,427.4,1,254.9,106.1,0
D19,10,210.7,10,229.8,106.1,1
D19,11,108.1,3,267.3,106.1,1
D19,12,507.7,7,243.8,106.1,0
D19,13,468.1,7,218.4,106.1,0
D19,14,436.9,8,232.2,106.1,0
D19,15,389.1,1,244.9,106.1,0
D19,16,77.6,3,235.4,106.1,1
D19,17,444.8,6,237.0,106.1,0
D19,18,531.4,4,288.2,106.1,0
D19,19,470.1,3,241.8,106.1,0
D19,20,597.4,4,245.8,106.1,0
D19,21,476.2,4,216.8,106.1,1
D19,22,590.0,5,273.2,106.1,0
D19,23,622.8,7,268.1,106.1,0
D19,24,124.4,1,245.7,106.1,1
D19,25,565.8,4,252.2,106.1,0
D19,26,130.7,8,235.9,106.1,1
D19,27,402.4,7,256.5,106.1,0
D19,28,495.6,10,243.7,106.1,0
D19,29,299.6,7,257.8,106.1,0
D19,30,674.0,4,280.3,106.1,0
D19,31,561.1,8,288.7,106.1,0
D19,32,239.5,4,276.2,106.1,0
D19,33,454.0,10,296.0,106.1,0
D19,34,669.4,4,270.6,106.1,0
D19,35,490.9,8,269.7,106.1,0
D19,36,539.9,6,340.7,106.1,0
D19,37,637.2,6,313.0,106.1,1
D19,38,641.8,9,307.5,106.1,0
D19,39,485.3,6,318.6,106.1,0
D19,40,722.3,8,330.9,106.1,0
D19,41,192.0,4,287.6,106.1,1
D19,42,799.2,6,338.4,106.1,0
D19,43,386.5,3,313.8,106.1,0
D19,44,348.3,4,384.2,106.1,0
D19,45,574.1,2,277.9,106.1,0
D19,46,406.2,1,254.6,106.1,0
D19,47,373.8,10,299.0,106.1,0
D19,48,727.1,10,375.3,106.1,0
D19,49,231.1,3,309.3,106.1,1
D19,50,452.2,7,337.0,106.1,0
D19,51,419.4,3,258.8,106.1,0
D2,0,156.6,10,108.4,48.0,0
D2,1,184.8,10,114.5,48.0,0
D2,2,164.4,7,138.1,48.0,0
D2,3,169.1,1,92.3,48.0,0
D2,4,50.1,5,106.8,48.0,1
D2,5,217.3,6,128.2,48.0,0
D2,6,156.4,10,132.2,48.0,0
D2,7,317.3,5,139.0,48.0,0
D2,8,145.9,1,134.4,48.0,0
D2,9,203.9,4,130.6,48.0,0
D2,10,157.6,9,154.1,48.0,1
D2,11,354.3,5,158.2,48.0,0
D2,12,144.3,4,124.6,48.0,0
D2,13,235.4,7,132.5,48.0,0
D2,14,184.1,8,137.9,48.0,0
D2,15,142.1,8,157.9,48.0,1
D2,16,206.8,4,152.3,48.0,0
D2,17,89.1,6,157.8,48.0,1
D2,18,218.9,8,131.7,48.0,0
D2,19,85.0,10,174.4,48.0,0
D2,20,322.8,4,146.7,48.0,0
D2,21,239.9,7,155.2,48.0,0
D2,22,303.7,4,196.4,48.0,0
D2,23,319.6,1,160.3,48.0,0
D2,24,252.3,2,174.7,48.0,0
D2,25,58.8,4,138.4,48.0,1
D2,26,70.9,1,146.0,48.0,1
D2,27,150.1,10,153.3,48.0,1
D2,28,47.2,1,149.1,48.0,1
D2,29,373.6,10,154.2,48.0,0
D2,30,50.7,5,125.5,48.0,1
D2,31,324.9,6,131.9,48.0,0
D2,32,160.1,4,138.3,48.0,0
D2,33,295.4,10,128.5,48.0,0
D2,34,115.1,10,129.4,48.0,0
D2,35,291.1,5,121.6,48.0,0
D2,36,238.0,2,139.8,48.0,0
D2,37,268.3,4,108.1,48.0,0
D2,38,99.4,4,136.9,48.0,1
D2,39,173.0,3,112.0,48.0,0
D2,40,175.4,5,110.9,48.0,0
D2,41,70.6,5,127.8,48.0,0
D2,42,253.1,2,123.5,48.0,0
D2,43,78.7,6,94.8,48.0,1
D2,44,41.9,2,128.4,48.0,1
D2,45,62.8,3,129.6,48.0,1
D2,46,44.1,7,94.8,48.0,1
D2,47,201.8,3,99.0,48.0,0
D2,48,200.9,3,110.0,48.0,0
D2,49,212.0,8,96.8,48.0,0
D2,50,78.7,4,114.0,48.0,1
D2,51,347.9,3,143.7,48.0,0
D20,0,612.4,9,334.8,131.7,0
D20,1,209.0,7,333.8,131.7,0
D20,2,222.8,3,312.5,131.7,1
D20,3,144.0,5,299.3,131.7,1
D20,4,479.2,8,338.9,131.7,0
D20,5,190.8,9,349.9,131.7,0
D20,6,132.4,2,299.5,131.7,1
D20,7,284.3,10,300.4,131.7,1
D20,8,253.4,10,397.0,131.7,1
D20,9,482.4,7,307.5,131.7,0
D20,10,370.9,10,285.8,131.7,0
D20,11,596.6,7,325.5,131.7,0
D20,12,302.8,1,364.1,131.7,0
D20,13,187.0,5,321.6,131.7,1
D20,14,621.0,8,259.1,131.7,0
D20,15,537.1,7,226.4,131.7,0
D20,16,349.0,3,252.2,131.7,0
D20,17,311.2,6,256.5,131.7,0
D20,18,279.6,4,237.7,131.7,0
D20,19,420.3,1,302.7,131.7,0
D20,20,377.0,3,271.6,131.7,0
D20,21,531.8,1,258.0,131.7,0
D20,22,436.4,1,247.1,131.7,1
D20,23,257.3,1,280.4,131.7,0
D20,24,122.4,5,231.1,131.7,1
D20,25,199.8,1,252.5,131.7,0
D20,26,523.4,9,257.1,131.7,0
D20,27,352.0,2,221.4,131.7,0
D20,28,251.6,1,221.3,131.7,0
D20,29,337.4,9,261.7,131.7,0
D20,30,521.5,6,258.6,131.7,0
D20,31,492.2,3,262.2,131.7,0
D20,32,498.3,3,261.9,131.7,0
D20,33,525.8,4,257.8,131.7,0
D20,34,396.1,7,250.4,131.7,0
D20,35,547.2,5,226.5,131.7,0
D20,36,200.2,9,255.9,131.7,1
D20,37,782.1,6,317.1,131.7,0
D20,38,515.6,7,299.4,131.7,0
D20,39,461.8,10,252.8,131.7,0
D20,40,296.7,1,339.7,131.7,0
D20,41,463.3,9,333.3,131.7,0
D20,42,696.5,9,341.8,131.7,0
D20,43,663.5,7,329.4,131.7,0
D20,44,142.1,5,257.6,131.7,1
D20,45,200.3,3,311.1,131.7,0
D20,46,569.6,7,323.0,131.7,0
D20,47,790.7,1,332.0,131.7,0
D20,48,285.9,10,338.5,131.7,1
D20,49,252.8,3,335.3,131.7,1
D20,50,657.2,8,281.2,131.7,0
D20,51,491.6,7,322.4,131.7,0
D3,0,371.1,4,153.7,140.8,0
D3,1,356.0,9,163.3,140.8,0
D3,2,193.5,3,122.4,140.8,1
D3,3,286.6,3,153.9,140.8,1
D3,4,259.5,3,114.7,140.8,0
D3,5,67.7,10,112.0,140.8,1
D3,6,255.9,1,125.7,140.8,0
D3,7,317.9,6,130.2,140.8,0
D3,8,76.6,8,109.1,140.8,1
D3,9,43.9,2,122.2,140.8,1
D3,10,74.0,9,140.6,140.8,1
D3,11,312.1,3,136.4,140.8,0
D3,12,317.8,10,149.6,140.8,0
D3,13,326.6,8,180.6,140.8,0
D3,14,70.7,6,138.6,140.8,1
D3,15,200.0,2,181.9,140.8,0
D3,16,336.5,6,175.9,140.8,0
D3,17,103.1,1,204.8,140.8,1
D3,18,351.0,3,202.7,140.8,0
D3,19,144.3,8,208.5,140.8,1
D3,20,173.7,6,238.2,140.8,1
D3,21,482.1,5,213.1,140.8,0
D3,22,406.4,10,182.9,140.8,1
D3,23,86.2,6,225.7,140.8,1
D3,24,175.3,6,258.2,140.8,1
D3,25,320.2,6,238.2,140.8,0
D3,26,166.8,10,235.4,140.8,1
D3,27,302.3,1,272.7,140.8,0
D3,28,481.1,8,260.2,140.8,0
D3,29,426.6,8,266.3,140.8,0
D3,30,108.6,2,311.2,140.8,1
D3,31,160.7,7,266.1,140.8,1
D3,32,276.8,2,287.8,140.8,0
D3,33,77.4,5,245.8,140.8,1
D3,34,389.9,8,254.7,140.8,0
D3,35,486.4,8,285.2,140.8,0
D3,36,395.7,1,243.9,140.8,0
D3,37,649.1,4,266.3,140.8,0
D3,38,188.9,9,225.6,140.8,1
D3,39,196.6,2,256.6,140.8,0
D3,40,236.9,5,255.8,140.8,0
D3,41,511.3,9,213.9,140.8,0
D3,42,334.6,6,276.5,140.8,0
D3,43,210.4,6,201.8,140.8,0
D3,44,365.4,5,241.0,140.8,0
D3,45,219.9,10,212.1,140.8,1
D3,46,331.3,4,245.1,140.8,0
D3,47,112.9,7,181.9,140.8,0
D3,48,277.0,4,180.0,140.8,0
D3,49,298.3,7,179.5,140.8,0
D3,50,298.0,2,174.7,140.8,0
D3,51,147.3,6,175.4,140.8,1
D4,0,184.9,6,131.5,176.7,0
D4,1,294.5,7,138.5,176.7,0
D4,2,180.7,3,153.7,176.7,0
D4,3,285.7,7,154.9,176.7,0
D4,4,342.8,1,138.9,176.7,0
D4,5,270.2,2,182.7,176.7,0
D4,6,208.0,9,170.3,176.7,0
D4,7,74.2,2,132.9,176.7,1
D4,8,372.1,5,152.9,176.7,0
D4,9,367.3,8,149.8,176.7,0
D4,10,229.0,2,140.0,176.7,0
D4,11,306.5,1,134.3,176.7,0
D4,12,282.0,2,129.4,176.7,0
D4,13,126.1,8,124.2,176.7,1
D4,14,148.7,8,126.1,176.7,0
D4,15,291.3,5,122.9,176.7,0
D4,16,81.9,6,130.1,176.7,1
D4,17,123.5,8,137.3,176.7,1
D4,18,59.5,1,129.4,176.7,1
D4,19,67.6,10,126.3,176.7,1
D4,20,161.8,1,108.6,176.7,1
D4,21,133.2,2,113.2,176.7,0
D4,22,273.1,10,128.7,176.7,0
D4,23,121.6,8,118.9,176.7,0
D4,24,178.0,6,129.7,176.7,0
D4,25,51.1,6,106.0,176.7,1
D4,26,315.6,2,130.8,176.7,1
D4,27,120.5,9,130.5,176.7,1
D4,28,131.4,10,100.7,176.7,0
D4,29,77.2,9,113.6,176.7,1
D4,30,215.8,5,96.5,176.7,0
D4,31,52.2,7,100.1,176.7,1
D4,32,257.9,1,128.5,176.7,1
D4,33,296.4,3,146.4,176.7,0
D4,34,169.8,9,108.6,176.7,0
D4,35,131.4,1,123.5,176.7,0
D4,36,69.8,7,119.8,176.7,1
D4,37,271.2,3,135.9,176.7,0
D4,38,352.4,6,151.3,176.7,1
D4,39,99.9,3,111.0,176.7,0
D4,40,95.2,10,118.8,176.7,1
D4,41,177.8,8,124.3,176.7,0
D4,42,332.6,2,153.6,176.7,0
D4,43,257.4,6,145.8,176.7,0
D4,44,99.7,10,153.6,176.7,1
D4,45,92.8,7,143.3,176.7,1
D4,46,112.0,10,146.5,176.7,0
D4,47,148.9,2,169.7,176.7,0
D4,48,294.1,10,122.4,176.7,0
D4,49,373.4,4,161.4,176.7,0
D4,50,66.5,4,131.3,176.7,1
D4,51,94.8,8,174.2,176.7,1
D5,0,201.7,10,83.3,20.4,0
D5,1,34.3,9,68.7,20.4,1
D5,2,82.8,7,68.5,20.4,0
D5,3,118.9,4,86.9,20.4,0
D5,4,95.3,8,64.6,20.4,0
D5,5,113.5,5,70.0,20.4,0
D5,6,39.4,2,71.9,20.4,1
D5,7,25.3,4,74.3,20.4,1
D5,8,125.9,7,66.6,20.4,0
D5,9,183.7,8,82.5,20.4,0
D5,10,93.3,3,77.9,20.4,0
D5,11,156.6,10,72.1,20.4,0
D5,12,182.5,1,78.8,20.4,0
D5,13,52.7,1,79.5,20.4,0
D5,14,40.7,4,80.1,20.4,1
D5,15,167.9,6,98.5,20.4,1
D5,16,172.3,8,93.3,20.4,0
D5,17,43.7,1,75.0,20.4,1
D5,18,106.6,4,86.2,20.4,0
D5,19,148.2,2,76.6,20.4,0
D5,20,99.4,4,81.7,20.4,0
D5,21,197.5,3,86.0,20.4,0
D5,22,192.9,3,83.3,20.4,0
D5,23,194.0,8,77.9,20.4,0
D5,24,110.6,7,80.8,20.4,0
D5,25,49.0,2,88.3,20.4,1
D5,26,96.9,1,79.7,20.4,0
D5,27,209.6,6,84.1,20.4,0
D5,28,216.7,6,102.5,20.4,0
D5,29,100.8,7,85.0,20.4,0
D5,30,91.6,6,76.2,20.4,0
D5,31,105.0,9,78.3,20.4,0
D5,32,222.0,1,93.7,20.4,0
D5,33,46.8,1,91.3,20.4,1
D5,34,97.5,10,74.3,20.4,0
D5,35,61.6,2,85.5,20.4,0
D5,36,149.3,9,89.7,20.4,0
D5,37,51.7,3,79.5,20.4,1
D5,38,60.4,4,80.6,20.4,0
D5,39,104.2,1,68.3,20.4,1
D5,40,66.4,5,62.6,20.4,0
D5,41,158.7,10,75.1,20.4,0
D5,42,169.7,4,71.1,20.4,0
D5,43,137.8,1,80.3,20.4,0
D5,44,134.5,3,60.2,20.4,0
D5,45,112.3,2,56.8,20.4,0
D5,46,44.3,3,73.6,20.4,1
D5,47,34.7,10,74.0,20.4,1
D5,48,65.4,2,54.0,20.4,0
D5,49,173.6,8,72.2,20.4,0
D5,50,62.1,6,57.8,20.4,0
D5,51,99.8,7,63.8,20.4,0
D6,0,440.2,10,223.0,43.7,0
D6,1,177.2,2,267.2,43.7,0
D6,2,302.1,4,230.7,43.7,0
D6,3,105.7,8,252.0,43.7,1
D6,4,465.9,2,253.6,43.7,0
D6,5,206.5,2,249.2,43.7,0
D6,6,332.4,3,221.2,43.7,0
D6,7,218.9,6,239.6,43.7,0
D6,8,414.7,8,221.3,43.7,0
D6,9,283.6,9,248.7,43.7,0
D6,10,366.5,2,196.8,43.7,0
D6,11,397.0,7,238.4,43.7,0
D6,12,529.6,5,245.7,43.7,1
D6,13,265.0,8,203.2,43.7,1
D6,14,355.0,1,203.1,43.7,0
D6,15,138.2,1,185.6,43.7,0
D6,16,478.8,5,203.1,43.7,0
D6,17,158.8,8,210.7,43.7,1
D6,18,151.0,9,175.7,43.7,1
D6,19,252.3,2,219.2,43.7,0
D6,20,501.3,5,244.9,43.7,0
D6,21,200.2,6,187.5,43.7,0
D6,22,106.8,10,211.5,43.7,1
D6,23,448.7,8,201.1,43.7,0
D6,24,354.3,8,194.9,43.7,0
D6,25,70.1,10,207.1,43.7,1
D6,26,186.2,2,246.4,43.7,0
D6,27,241.3,8,202.4,43.7,1
D6,28,387.8,10,223.8,43.7,0
D6,29,221.8,10,224.7,43.7,1
D6,30,426.4,2,248.2,43.7,0
D6,31,277.3,8,211.1,43.7,0
D6,32,381.6,5,211.2,43.7,0
D6,33,221.0,7,268.1,43.7,1
D6,34,269.9,5,232.5,43.7,0
D6,35,450.1,10,273.4,43.7,0
D6,36,398.2,3,235.3,43.7,1
D6,37,278.6,3,259.6,43.7,0
D6,38,329.0,5,247.1,43.7,0
D6,39,544.6,1,232.1,43.7,0
D6,40,307.6,6,282.6,43.7,0
D6,41,245.1,8,272.8,43.7,1
D6,42,520.6,7,277.2,43.7,0
D6,43,505.6,8,257.4,43.7,0
D6,44,768.8,7,312.9,43.7,0
D6,45,675.9,8,307.0,43.7,0
D6,46,665.1,7,322.1,43.7,0
D6,47,353.0,4,297.6,43.7,0
D6,48,189.6,1,280.3,43.7,0
D6,49,643.3,10,290.5,43.7,0
D6,50,833.6,6,340.5,43.7,0
D6,51,115.5,2,295.4,43.7,1
D7,0,375.4,4,235.0,125.4,0
D7,1,210.5,6,207.3,125.4,0
D7,2,412.8,10,227.0,125.4,0
D7,3,125.3,9,242.0,125.4,1
D7,4,379.7,8,236.3,125.4,0
D7,5,364.4,2,230.8,125.4,0
D7,6,129.2,7,216.5,125.4,1
D7,7,340.6,5,179.8,125.4,0
D7,8,228.3,3,176.6,125.4,0
D7,9,333.7,8,176.0,125.4,0
D7,10,398.1,3,214.3,125.4,0
D7,11,401.5,9,215.1,125.4,0
D7,12,161.5,9,161.2,125.4,1
D7,13,312.2,6,221.3,125.4,0
D7,14,217.8,5,214.7,125.4,1
D7,15,331.3,6,172.0,125.4,0
D7,16,370.5,4,196.8,125.4,0
D7,17,287.7,10,195.9,125.4,0
D7,18,294.8,3,171.6,125.4,0
D7,19,117.4,10,204.9,125.4,1
D7,20,384.0,5,186.3,125.4,0
D7,21,326.0,6,191.2,125.4,0
D7,22,238.4,2,178.4,125.4,0
D7,23,495.5,7,222.5,125.4,0
D7,24,471.9,9,219.5,125.4,0
D7,25,484.8,7,217.9,125.4,0
D7,26,303.9,4,173.9,125.4,0
D7,27,431.0,10,207.2,125.4,0
D7,28,253.4,4,213.1,125.4,0
D7,29,447.5,5,201.1,125.4,0
D7,30,201.3,4,234.5,125.4,1
D7,31,239.0,6,228.4,125.4,0
D7,32,86.2,6,251.2,125.4,1
D7,33,396.4,8,283.1,125.4,0
D7,34,377.2,3,240.7,125.4,0
D7,35,458.9,2,211.8,125.4,0
D7,36,480.1,10,259.6,125.4,0
D7,37,367.7,3,267.2,125.4,0
D7,38,439.3,10,217.6,125.4,0
D7,39,580.2,7,311.0,125.4,0
D7,40,133.1,10,266.6,125.4,1
D7,41,252.6,8,221.5,125.4,0
D7,42,622.1,9,273.4,125.4,0
D7,43,334.7,7,254.5,125.4,0
D7,44,386.8,10,264.9,125.4,0
D7,45,331.5,1,221.0,125.4,0
D7,46,532.3,2,222.9,125.4,0
D7,47,333.3,8,226.7,125.4,0
D7,48,96.7,3,281.5,125.4,1
D7,49,122.5,5,216.0,125.4,1
D7,50,423.1,1,199.8,125.4,0
D7,51,178.3,6,197.4,125.4,1
D8,0,157.2,7,107.0,110.5,0
D8,1,65.5,8,95.9,110.5,1
D8,2,77.1,7,97.6,110.5,1
D8,3,167.6,9,88.2,110.5,0
D8,4,188.4,7,96.3,110.5,0
D8,5,57.1,10,108.9,110.5,1
D8,6,171.6,2,89.2,110.5,0
D8,7,127.4,3,81.0,110.5,0
D8,8,265.7,3,108.9,110.5,0
D8,9,140.3,7,109.0,110.5,0
D8,10,140.0,3,100.9,110.5,0
D8,11,204.2,2,104.5,110.5,0
D8,12,90.4,4,98.2,110.5,0
D8,13,216.8,7,98.2,110.5,0
D8,14,46.0,4,95.1,110.5,1
D8,15,127.4,1,80.9,110.5,0
D8,16,32.9,7,106.3,110.5,1
D8,17,36.4,1,94.6,110.5,1
D8,18,258.5,10,106.5,110.5,0
D8,19,72.2,6,82.9,110.5,1
D8,20,92.7,5,73.0,110.5,0
D8,21,127.1,4,75.5,110.5,0
D8,22,123.1,2,88.3,110.5,0
D8,23,117.8,9,69.6,110.5,0
D8,24,114.5,3,83.9,110.5,0
D8,25,56.9,1,81.0,110.5,0
D8,26,39.7,3,62.8,110.5,1
D8,27,110.0,9,81.1,110.5,0
D8,28,146.6,6,64.7,110.5,0
D8,29,65.1,7,64.1,110.5,0
D8,30,96.3,9,62.9,110.5,0
D8,31,46.1,9,72.3,110.5,1
D8,32,67.9,8,62.8,110.5,0
D8,33,76.3,6,45.1,110.5,0
D8,34,139.9,10,66.9,110.5,0
D8,35,102.3,10,55.6,110.5,0
D8,36,77.1,5,55.1,110.5,0
D8,37,54.4,9,63.5,110.5,1
D8,38,81.4,3,60.7,110.5,0
D8,39,19.7,10,54.5,110.5,1
D8,40,64.6,8,60.2,110.5,0
D8,41,141.7,2,57.3,110.5,0
D8,42,76.2,3,52.4,110.5,0
D8,43,86.8,8,67.2,110.5,0
D8,44,74.8,9,71.2,110.5,0
D8,45,29.2,10,71.8,110.5,1
D8,46,69.0,5,89.3,110.5,1
D8,47,117.1,6,72.4,110.5,0
D8,48,50.1,10,68.8,110.5,1
D8,49,210.3,7,100.0,110.5,0
D8,50,156.8,4,72.4,110.5,0
D8,51,89.4,9,86.5,110.5,0
D9,0,86.2,1,111.7,201.3,0
D9,1,146.1,6,96.9,201.3,0
D9,2,186.8,8,108.4,201.3,0
D9,3,182.8,4,88.4,201.3,0
D9,4,169.6,6,80.2,201.3,0
D9,5,188.5,8,99.7,201.3,0
D9,6,129.7,9,103.1,201.3,0
D9,7,125.5,2,81.8,201.3,0
D9,8,202.8,5,112.5,201.3,0
D9,9,182.2,5,85.1,201.3,0
D9,10,132.1,7,108.8,201.3,0
D9,11,46.6,8,107.4,201.3,1
D9,12,161.1,7,87.4,201.3,0
D9,13,233.5,7,100.2,201.3,0
D9,14,67.8,10,95.8,201.3,1
D9,15,152.3,5,120.3,201.3,0
D9,16,51.0,5,134.4,201.3,1
D9,17,215.1,3,100.6,201.3,0
D9,18,56.9,8,108.2,201.3,0
D9,19,35.8,1,118.1,201.3,0
D9,20,252.4,7,121.2,201.3,0
D9,21,281.5,1,138.8,201.3,0
D9,22,83.6,3,121.5,201.3,1
D9,23,150.9,3,128.2,201.3,0
D9,24,86.8,7,131.6,201.3,1
D9,25,116.7,9,146.1,201.3,1
D9,26,78.7,10,120.2,201.3,1
D9,27,181.1,2,120.2,201.3,0
D9,28,194.0,9,145.6,201.3,0
D9,29,198.8,3,149.1,201.3,0
D9,30,155.4,3,138.2,201.3,0
D9,31,208.0,6,141.7,201.3,0
D9,32,188.1,9,168.1,201.3,1
D9,33,296.9,9,161.8,201.3,1
D9,34,255.4,3,135.3,201.3,0
D9,35,221.1,9,147.0,201.3,0
D9,36,339.1,9,155.1,201.3,0
D9,37,250.8,7,127.6,201.3,0
D9,38,241.9,8,147.9,201.3,0
D9,39,104.2,10,123.5,201.3,1
D9,40,109.9,1,123.7,201.3,1
D9,41,215.8,10,132.6,201.3,0
D9,42,221.7,6,124.1,201.3,0
D9,43,59.4,5,117.8,201.3,1
D9,44,98.5,9,114.0,201.3,1
D9,45,40.8,3,120.9,201.3,1
D9,46,180.9,4,115.2,201.3,0
D9,47,282.8,1,116.8,201.3,0
D9,48,212.8,1,110.2,201.3,0
D9,49,44.8,8,109.3,201.3,1
D9,50,174.3,7,114.4,201.3,0
D9,51,172.7,10,89.5,201.3,0
